CustomerID,Churn_Prob,Risk
12346.0,0.31,Medium
12747.0,0.015,Low
12748.0,0.01,Low
12749.0,0.065,Low
12820.0,0.295,Low
12821.0,0.88,High
12823.0,0.19,Low
12826.0,0.24,Low
12828.0,0.155,Low
12829.0,0.89,High
12830.0,0.18,Low
12831.0,0.86,High
12833.0,0.575,Medium
12834.0,0.91,High
12836.0,0.05,Low
12837.0,0.89,High
12838.0,0.185,Low
12839.0,0.01,Low
12840.0,0.715,High
12841.0,0.015,Low
12842.0,0.27,Low
12843.0,0.085,Low
12844.0,0.25,Low
12845.0,0.83,High
12849.0,0.28,Low
12852.0,0.795,High
12853.0,0.65,Medium
12854.0,0.165,Low
12855.0,0.79,High
12857.0,0.47,Medium
12864.0,0.62,Medium
12867.0,0.055,Low
12868.0,0.19,Low
12871.0,0.255,Low
12872.0,0.72,High
12873.0,0.815,High
12875.0,0.755,High
12877.0,0.075,Low
12878.0,0.775,High
12881.0,0.915,High
12885.0,0.19,Low
12886.0,0.235,Low
12888.0,0.785,High
12891.0,0.485,Medium
12897.0,0.465,Medium
12901.0,0.1,Low
12902.0,0.955,High
12904.0,0.25,Low
12908.0,0.53,Medium
12909.0,0.305,Medium
12910.0,0.05,Low
12913.0,0.265,Low
12915.0,0.395,Medium
12916.0,0.685,Medium
12917.0,0.92,High
12919.0,0.16,Low
12921.0,0.015,Low
12922.0,0.7,Medium
12924.0,0.085,Low
12928.0,0.23,Low
12929.0,0.98,High
12930.0,0.15,Low
12931.0,0.02,Low
12933.0,0.51,Medium
12935.0,0.075,Low
12937.0,0.185,Low
12939.0,0.12,Low
12942.0,0.14,Low
12944.0,0.315,Medium
12945.0,0.79,High
12947.0,0.135,Low
12948.0,0.02,Low
12949.0,0.035,Low
12951.0,0.24,Low
12955.0,0.055,Low
12956.0,0.81,High
12957.0,0.17,Low
12962.0,0.18,Low
12963.0,0.21,Low
12967.0,0.8,High
12968.0,0.39,Medium
12970.0,0.185,Low
12971.0,0.04,Low
12974.0,0.865,High
12976.0,0.815,High
12977.0,0.78,High
12980.0,0.695,Medium
12981.0,0.35,Medium
12982.0,0.77,High
12987.0,0.175,Low
12988.0,0.795,High
12989.0,0.065,Low
12990.0,0.18,Low
12991.0,0.44,Medium
12993.0,0.075,Low
12994.0,0.195,Low
12997.0,0.675,Medium
12999.0,0.85,High
13000.0,0.785,High
13001.0,0.11,Low
13002.0,0.785,High
13003.0,0.785,High
13004.0,0.005,Low
13005.0,0.855,High
13008.0,0.545,Medium
13011.0,0.88,High
13012.0,0.095,Low
13013.0,0.0,
13014.0,0.07,Low
13015.0,0.325,Medium
13016.0,0.175,Low
13018.0,0.01,Low
13021.0,0.055,Low
13023.0,0.235,Low
13026.0,0.14,Low
13027.0,0.665,Medium
13029.0,0.195,Low
13030.0,0.095,Low
13033.0,0.875,High
13034.0,0.21,Low
13035.0,0.495,Medium
13037.0,0.72,High
13038.0,0.145,Low
13043.0,0.87,High
13044.0,0.83,High
13046.0,0.33,Medium
13047.0,0.0,
13048.0,0.16,Low
13049.0,0.315,Medium
13050.0,0.0,
13052.0,0.8,High
13055.0,0.245,Low
13058.0,0.145,Low
13059.0,0.91,High
13060.0,0.54,Medium
13062.0,0.7,Medium
13064.0,0.235,Low
13065.0,0.83,High
13068.0,0.295,Low
13069.0,0.01,Low
13070.0,0.77,High
13072.0,0.68,Medium
13075.0,0.86,High
13077.0,0.15,Low
13078.0,0.0,
13079.0,0.26,Low
13080.0,0.77,High
13081.0,0.005,Low
13082.0,0.625,Medium
13085.0,0.585,Medium
13089.0,0.015,Low
13090.0,0.02,Low
13092.0,0.455,Medium
13093.0,0.75,High
13094.0,0.08,Low
13097.0,0.0,
13098.0,0.005,Low
13101.0,0.8,High
13102.0,0.01,Low
13104.0,0.22,Low
13106.0,0.965,High
13107.0,0.235,Low
13108.0,0.48,Medium
13109.0,0.725,High
13110.0,0.04,Low
13113.0,0.045,Low
13115.0,0.485,Medium
13116.0,0.82,High
13117.0,0.17,Low
13118.0,0.125,Low
13120.0,0.79,High
13121.0,0.805,High
13122.0,0.145,Low
13124.0,0.26,Low
13126.0,0.41,Medium
13131.0,0.41,Medium
13132.0,0.785,High
13133.0,0.605,Medium
13134.0,0.3,Low
13135.0,0.535,Medium
13136.0,0.1,Low
13137.0,0.1,Low
13138.0,0.07,Low
13139.0,0.395,Medium
13140.0,0.415,Medium
13141.0,0.21,Low
13144.0,0.825,High
13145.0,0.21,Low
13148.0,0.01,Low
13149.0,0.16,Low
13151.0,0.835,High
13155.0,0.28,Low
13157.0,0.33,Medium
13158.0,0.095,Low
13159.0,0.345,Medium
13161.0,0.875,High
13162.0,0.11,Low
13165.0,0.185,Low
13166.0,0.84,High
13167.0,0.51,Medium
13168.0,0.135,Low
13169.0,0.31,Medium
13171.0,0.275,Low
13173.0,0.45,Medium
13174.0,0.135,Low
13178.0,0.0,
13183.0,0.035,Low
13184.0,0.01,Low
13185.0,0.925,High
13186.0,0.15,Low
13187.0,0.495,Medium
13189.0,0.55,Medium
13192.0,0.565,Medium
13194.0,0.805,High
13196.0,0.365,Medium
13198.0,0.06,Low
13199.0,0.005,Low
13200.0,0.23,Low
13203.0,0.245,Low
13207.0,0.725,High
13208.0,0.06,Low
13209.0,0.195,Low
13211.0,0.22,Low
13213.0,0.035,Low
13216.0,0.925,High
13217.0,0.865,High
13218.0,0.375,Medium
13220.0,0.165,Low
13221.0,0.78,High
13223.0,0.665,Medium
13224.0,0.195,Low
13225.0,0.1,Low
13226.0,0.865,High
13227.0,0.66,Medium
13229.0,0.91,High
13230.0,0.01,Low
13232.0,0.08,Low
13233.0,0.585,Medium
13235.0,0.285,Low
13236.0,0.405,Medium
13238.0,0.2,Low
13239.0,0.9,High
13240.0,0.16,Low
13242.0,0.73,High
13243.0,0.775,High
13246.0,0.05,Low
13248.0,0.42,Medium
13249.0,0.595,Medium
13253.0,0.765,High
13255.0,0.195,Low
13258.0,0.18,Low
13261.0,0.555,Medium
13262.0,0.465,Medium
13263.0,0.02,Low
13265.0,0.28,Low
13266.0,0.005,Low
13267.0,0.005,Low
13268.0,0.155,Low
13269.0,0.01,Low
13270.0,0.75,High
13273.0,0.745,High
13277.0,0.42,Medium
13280.0,0.625,Medium
13282.0,0.4,Medium
13283.0,0.18,Low
13284.0,0.82,High
13285.0,0.04,Low
13291.0,0.82,High
13292.0,0.17,Low
13294.0,0.73,High
13295.0,0.75,High
13296.0,0.805,High
13299.0,0.315,Medium
13300.0,0.875,High
13301.0,0.72,High
13302.0,0.91,High
13304.0,0.765,High
13305.0,0.08,Low
13307.0,0.815,High
13308.0,0.32,Medium
13309.0,0.085,Low
13310.0,0.195,Low
13311.0,0.49,Medium
13313.0,0.39,Medium
13316.0,0.175,Low
13317.0,0.09,Low
13319.0,0.0,
13320.0,0.035,Low
13324.0,0.185,Low
13327.0,0.03,Low
13328.0,0.875,High
13329.0,0.795,High
13330.0,0.185,Low
13334.0,0.07,Low
13338.0,0.885,High
13339.0,0.735,High
13340.0,0.175,Low
13341.0,0.385,Medium
13343.0,0.585,Medium
13344.0,0.22,Low
13345.0,0.905,High
13355.0,0.805,High
13357.0,0.81,High
13358.0,0.805,High
13362.0,0.09,Low
13365.0,0.19,Low
13368.0,0.88,High
13369.0,0.835,High
13370.0,0.755,High
13373.0,0.325,Medium
13376.0,0.22,Low
13379.0,0.255,Low
13381.0,0.11,Low
13382.0,0.655,Medium
13384.0,0.31,Medium
13385.0,0.555,Medium
13388.0,0.81,High
13389.0,0.135,Low
13391.0,0.855,High
13394.0,0.01,Low
13395.0,0.835,High
13396.0,0.555,Medium
13397.0,0.265,Low
13398.0,0.84,High
13402.0,0.265,Low
13404.0,0.26,Low
13405.0,0.185,Low
13408.0,0.025,Low
13410.0,0.1,Low
13411.0,0.815,High
13414.0,0.655,Medium
13417.0,0.315,Medium
13418.0,0.03,Low
13420.0,0.81,High
13421.0,0.215,Low
13425.0,0.695,Medium
13426.0,0.06,Low
13427.0,0.06,Low
13435.0,0.11,Low
13437.0,0.06,Low
13439.0,0.765,High
13448.0,0.165,Low
13450.0,0.085,Low
13451.0,0.095,Low
13452.0,0.88,High
13453.0,0.85,High
13455.0,0.16,Low
13456.0,0.24,Low
13458.0,0.0,
13461.0,0.195,Low
13462.0,0.915,High
13466.0,0.47,Medium
13468.0,0.0,
13470.0,0.6,Medium
13473.0,0.675,Medium
13474.0,0.885,High
13475.0,0.675,Medium
13476.0,0.725,High
13477.0,0.295,Low
13479.0,0.8,High
13481.0,0.0,
13482.0,0.725,High
13484.0,0.865,High
13485.0,0.92,High
13486.0,0.185,Low
13487.0,0.585,Medium
13488.0,0.0,
13489.0,0.43,Medium
13491.0,0.065,Low
13494.0,0.905,High
13495.0,0.08,Low
13496.0,0.185,Low
13497.0,0.825,High
13499.0,0.275,Low
13500.0,0.185,Low
13502.0,0.26,Low
13506.0,0.91,High
13507.0,0.045,Low
13508.0,0.955,High
13509.0,0.085,Low
13510.0,0.15,Low
13512.0,0.305,Medium
13513.0,0.87,High
13515.0,0.105,Low
13516.0,0.33,Medium
13517.0,0.045,Low
13523.0,0.045,Low
13524.0,0.51,Medium
13525.0,0.155,Low
13527.0,0.075,Low
13529.0,0.235,Low
13531.0,0.91,High
13533.0,0.79,High
13534.0,0.0,
13538.0,0.055,Low
13539.0,0.135,Low
13544.0,0.205,Low
13546.0,0.23,Low
13548.0,0.23,Low
13549.0,0.075,Low
13551.0,0.865,High
13552.0,0.03,Low
13555.0,0.455,Medium
13557.0,0.22,Low
13561.0,0.86,High
13562.0,0.13,Low
13563.0,0.19,Low
13564.0,0.155,Low
13565.0,0.675,Medium
13568.0,0.875,High
13569.0,0.47,Medium
13570.0,0.795,High
13571.0,0.08,Low
13572.0,0.84,High
13573.0,0.415,Medium
13575.0,0.435,Medium
13576.0,0.0,
13577.0,0.16,Low
13579.0,0.18,Low
13581.0,0.925,High
13583.0,0.395,Medium
13584.0,0.8,High
13588.0,0.225,Low
13589.0,0.565,Medium
13590.0,0.19,Low
13591.0,0.155,Low
13592.0,0.28,Low
13593.0,0.665,Medium
13599.0,0.01,Low
13600.0,0.945,High
13601.0,0.715,High
13606.0,0.155,Low
13610.0,0.075,Low
13611.0,0.79,High
13614.0,0.115,Low
13615.0,0.77,High
13617.0,0.24,Low
13618.0,0.82,High
13621.0,0.635,Medium
13623.0,0.305,Medium
13626.0,0.51,Medium
13627.0,0.13,Low
13629.0,0.02,Low
13630.0,0.15,Low
13631.0,0.16,Low
13632.0,0.18,Low
13634.0,0.095,Low
13636.0,0.085,Low
13637.0,0.2,Low
13642.0,0.795,High
13643.0,0.545,Medium
13644.0,0.155,Low
13645.0,0.835,High
13647.0,0.155,Low
13649.0,0.825,High
13650.0,0.15,Low
13652.0,0.54,Medium
13654.0,0.05,Low
13655.0,0.78,High
13656.0,0.755,High
13657.0,0.505,Medium
13658.0,0.39,Medium
13659.0,0.285,Low
13662.0,0.515,Medium
13663.0,0.405,Medium
13666.0,0.295,Low
13667.0,0.845,High
13668.0,0.0,
13669.0,0.13,Low
13672.0,0.81,High
13675.0,0.84,High
13678.0,0.375,Medium
13680.0,0.24,Low
13681.0,0.19,Low
13682.0,0.865,High
13684.0,0.785,High
13686.0,0.81,High
13692.0,0.21,Low
13694.0,0.035,Low
13695.0,0.105,Low
13699.0,0.41,Medium
13700.0,0.115,Low
13703.0,0.83,High
13705.0,0.09,Low
13706.0,0.965,High
13707.0,0.43,Medium
13708.0,0.63,Medium
13709.0,0.005,Low
13711.0,0.815,High
13712.0,0.89,High
13715.0,0.74,High
13716.0,0.755,High
13717.0,0.03,Low
13718.0,0.82,High
13719.0,0.16,Low
13720.0,0.18,Low
13722.0,0.715,High
13723.0,0.845,High
13725.0,0.2,Low
13728.0,0.105,Low
13730.0,0.755,High
13731.0,0.8,High
13735.0,0.15,Low
13736.0,0.22,Low
13737.0,0.8,High
13740.0,0.84,High
13741.0,0.525,Medium
13742.0,0.21,Low
13743.0,0.205,Low
13744.0,0.41,Medium
13745.0,0.84,High
13747.0,0.805,High
13748.0,0.06,Low
13750.0,0.07,Low
13751.0,0.885,High
13752.0,0.67,Medium
13753.0,0.75,High
13754.0,0.835,High
13756.0,0.04,Low
13758.0,0.055,Low
13760.0,0.235,Low
13761.0,0.49,Medium
13762.0,0.785,High
13764.0,0.075,Low
13767.0,0.015,Low
13769.0,0.015,Low
13771.0,0.09,Low
13772.0,0.56,Medium
13777.0,0.04,Low
13778.0,0.86,High
13780.0,0.625,Medium
13781.0,0.865,High
13782.0,0.185,Low
13784.0,0.075,Low
13786.0,0.815,High
13787.0,0.655,Medium
13791.0,0.73,High
13792.0,0.335,Medium
13798.0,0.015,Low
13799.0,0.805,High
13800.0,0.875,High
13802.0,0.735,High
13803.0,0.81,High
13804.0,0.21,Low
13805.0,0.67,Medium
13807.0,0.935,High
13819.0,0.83,High
13821.0,0.255,Low
13824.0,0.065,Low
13826.0,0.81,High
13827.0,0.29,Low
13831.0,0.125,Low
13833.0,0.805,High
13835.0,0.345,Medium
13837.0,0.355,Medium
13838.0,0.1,Low
13841.0,0.83,High
13842.0,0.07,Low
13846.0,0.17,Low
13848.0,0.185,Low
13849.0,0.06,Low
13850.0,0.3,Low
13851.0,0.155,Low
13854.0,0.01,Low
13856.0,0.635,Medium
13859.0,0.525,Medium
13862.0,0.02,Low
13863.0,0.525,Medium
13865.0,0.265,Low
13867.0,0.245,Low
13869.0,0.7,Medium
13870.0,0.04,Low
13871.0,0.005,Low
13873.0,0.355,Medium
13874.0,0.875,High
13875.0,0.035,Low
13880.0,0.005,Low
13881.0,0.05,Low
13883.0,0.2,Low
13884.0,0.26,Low
13885.0,0.915,High
13887.0,0.475,Medium
13888.0,0.76,High
13890.0,0.155,Low
13892.0,0.275,Low
13893.0,0.805,High
13894.0,0.275,Low
13895.0,0.175,Low
13898.0,0.845,High
13899.0,0.18,Low
13900.0,0.69,Medium
13901.0,0.035,Low
13904.0,0.265,Low
13908.0,0.19,Low
13911.0,0.045,Low
13917.0,0.21,Low
13918.0,0.665,Medium
13922.0,0.57,Medium
13925.0,0.455,Medium
13928.0,0.32,Medium
13929.0,0.785,High
13930.0,0.645,Medium
13931.0,0.835,High
13932.0,0.825,High
13933.0,0.755,High
13934.0,0.515,Medium
13936.0,0.84,High
13937.0,0.835,High
13939.0,0.145,Low
13940.0,0.075,Low
13941.0,0.31,Medium
13946.0,0.45,Medium
13948.0,0.41,Medium
13950.0,0.27,Low
13951.0,0.725,High
13952.0,0.76,High
13953.0,0.145,Low
13955.0,0.235,Low
13956.0,0.035,Low
13959.0,0.14,Low
13962.0,0.75,High
13963.0,0.83,High
13967.0,0.775,High
13969.0,0.0,
13971.0,0.045,Low
13972.0,0.225,Low
13973.0,0.845,High
13975.0,0.025,Low
13976.0,0.87,High
13982.0,0.055,Low
13983.0,0.195,Low
13984.0,0.085,Low
13985.0,0.05,Low
13988.0,0.085,Low
13989.0,0.24,Low
13990.0,0.865,High
13991.0,0.22,Low
13993.0,0.14,Low
13994.0,0.17,Low
13995.0,0.17,Low
13999.0,0.0,
14000.0,0.885,High
14001.0,0.315,Medium
14002.0,0.77,High
14004.0,0.39,Medium
14005.0,0.145,Low
14006.0,0.815,High
14009.0,0.72,High
14012.0,0.755,High
14013.0,0.24,Low
14019.0,0.54,Medium
14021.0,0.325,Medium
14022.0,0.89,High
14023.0,0.13,Low
14024.0,0.815,High
14029.0,0.52,Medium
14030.0,0.0,
14031.0,0.03,Low
14032.0,0.09,Low
14034.0,0.285,Low
14035.0,0.175,Low
14036.0,0.865,High
14037.0,0.575,Medium
14038.0,0.205,Low
14040.0,0.0,
14041.0,0.895,High
14044.0,0.135,Low
14045.0,0.77,High
14046.0,0.93,High
14047.0,0.13,Low
14048.0,0.655,Medium
14049.0,0.08,Low
14050.0,0.105,Low
14051.0,0.02,Low
14053.0,0.8,High
14055.0,0.945,High
14056.0,0.045,Low
14057.0,0.0,
14059.0,0.635,Medium
14060.0,0.03,Low
14062.0,0.05,Low
14064.0,0.1,Low
14066.0,0.85,High
14068.0,0.855,High
14071.0,0.29,Low
14075.0,0.725,High
14076.0,0.81,High
14077.0,0.225,Low
14078.0,0.72,High
14079.0,0.835,High
14081.0,0.8,High
14082.0,0.62,Medium
14083.0,0.035,Low
14085.0,0.02,Low
14088.0,0.045,Low
14090.0,0.95,High
14092.0,0.0,
14096.0,0.145,Low
14099.0,0.005,Low
14100.0,0.83,High
14101.0,0.145,Low
14104.0,0.83,High
14105.0,0.815,High
14107.0,0.09,Low
14108.0,0.21,Low
14110.0,0.12,Low
14111.0,0.21,Low
14112.0,0.025,Low
14113.0,0.185,Low
14114.0,0.89,High
14116.0,0.195,Low
14117.0,0.82,High
14127.0,0.77,High
14128.0,0.195,Low
14129.0,0.175,Low
14130.0,0.815,High
14132.0,0.07,Low
14133.0,0.84,High
14135.0,0.01,Low
14141.0,0.245,Low
14142.0,0.925,High
14143.0,0.71,High
14145.0,0.15,Low
14146.0,0.14,Low
14147.0,0.19,Low
14148.0,0.855,High
14149.0,0.915,High
14150.0,0.685,Medium
14152.0,0.295,Low
14154.0,0.445,Medium
14155.0,0.9,High
14157.0,0.11,Low
14159.0,0.12,Low
14161.0,0.735,High
14162.0,0.66,Medium
14163.0,0.09,Low
14165.0,0.73,High
14167.0,0.14,Low
14173.0,0.33,Medium
14175.0,0.085,Low
14176.0,0.81,High
14177.0,0.53,Medium
14178.0,0.405,Medium
14180.0,0.0,
14185.0,0.6,Medium
14188.0,0.08,Low
14189.0,0.0,
14191.0,0.04,Low
14193.0,0.88,High
14194.0,0.0,
14195.0,0.82,High
14196.0,0.87,High
14198.0,0.1,Low
14199.0,0.75,High
14201.0,0.16,Low
14205.0,0.725,High
14206.0,0.865,High
14209.0,0.035,Low
14210.0,0.64,Medium
14211.0,0.235,Low
14214.0,0.04,Low
14215.0,0.265,Low
14217.0,0.04,Low
14220.0,0.81,High
14221.0,0.005,Low
14222.0,0.485,Medium
14223.0,0.175,Low
14224.0,0.25,Low
14226.0,0.17,Low
14227.0,0.15,Low
14229.0,0.155,Low
14231.0,0.725,High
14232.0,0.03,Low
14233.0,0.115,Low
14235.0,0.085,Low
14236.0,0.265,Low
14237.0,0.75,High
14238.0,0.925,High
14239.0,0.0,
14240.0,0.265,Low
14241.0,0.79,High
14242.0,0.585,Medium
14243.0,0.01,Low
14245.0,0.175,Low
14246.0,0.735,High
14247.0,0.615,Medium
14248.0,0.855,High
14256.0,0.545,Medium
14257.0,0.075,Low
14258.0,0.175,Low
14259.0,0.385,Medium
14262.0,0.17,Low
14264.0,0.825,High
14267.0,0.75,High
14270.0,0.75,High
14271.0,0.93,High
14272.0,0.385,Medium
14273.0,0.11,Low
14276.0,0.31,Medium
14280.0,0.795,High
14282.0,0.01,Low
14285.0,0.17,Low
14286.0,0.575,Medium
14287.0,0.26,Low
14288.0,0.73,High
14289.0,0.06,Low
14290.0,0.175,Low
14291.0,0.01,Low
14292.0,0.1,Low
14293.0,0.335,Medium
14297.0,0.645,Medium
14298.0,0.02,Low
14299.0,0.1,Low
14301.0,0.97,High
14304.0,0.81,High
14305.0,0.165,Low
14307.0,0.035,Low
14309.0,0.075,Low
14311.0,0.965,High
14312.0,0.325,Medium
14314.0,0.755,High
14315.0,0.01,Low
14320.0,0.71,High
14321.0,0.125,Low
14323.0,0.8,High
14326.0,0.83,High
14327.0,0.915,High
14329.0,0.065,Low
14331.0,0.785,High
14332.0,0.59,Medium
14334.0,0.015,Low
14336.0,0.33,Medium
14338.0,0.825,High
14339.0,0.77,High
14340.0,0.77,High
14341.0,0.12,Low
14342.0,0.16,Low
14344.0,0.67,Medium
14346.0,0.355,Medium
14348.0,0.77,High
14350.0,0.595,Medium
14351.0,0.9,High
14352.0,0.195,Low
14353.0,0.895,High
14355.0,0.53,Medium
14364.0,0.27,Low
14367.0,0.01,Low
14368.0,0.815,High
14371.0,0.86,High
14373.0,0.88,High
14375.0,0.89,High
14377.0,0.795,High
14379.0,0.26,Low
14383.0,0.185,Low
14386.0,0.855,High
14387.0,0.095,Low
14388.0,0.12,Low
14389.0,0.56,Medium
14390.0,0.325,Medium
14393.0,0.775,High
14395.0,0.105,Low
14396.0,0.21,Low
14397.0,0.24,Low
14400.0,0.825,High
14401.0,0.005,Low
14403.0,0.655,Medium
14404.0,0.07,Low
14406.0,0.585,Medium
14407.0,0.6,Medium
14408.0,0.07,Low
14409.0,0.06,Low
14410.0,0.025,Low
14411.0,0.79,High
14413.0,0.76,High
14414.0,0.135,Low
14415.0,0.0,
14418.0,0.2,Low
14419.0,0.185,Low
14421.0,0.265,Low
14422.0,0.565,Medium
14423.0,0.85,High
14426.0,0.04,Low
14428.0,0.19,Low
14431.0,0.835,High
14437.0,0.87,High
14438.0,0.895,High
14440.0,0.12,Low
14441.0,0.235,Low
14443.0,0.045,Low
14446.0,0.66,Medium
14447.0,0.175,Low
14448.0,0.275,Low
14449.0,0.09,Low
14450.0,0.74,High
14451.0,0.195,Low
14453.0,0.81,High
14456.0,0.09,Low
14457.0,0.635,Medium
14459.0,0.895,High
14460.0,0.765,High
14461.0,0.08,Low
14462.0,0.02,Low
14463.0,0.235,Low
14465.0,0.395,Medium
14466.0,0.03,Low
14467.0,0.29,Low
14470.0,0.24,Low
14472.0,0.005,Low
14473.0,0.365,Medium
14475.0,0.19,Low
14476.0,0.825,High
14477.0,0.28,Low
14479.0,0.595,Medium
14481.0,0.845,High
14482.0,0.29,Low
14483.0,0.92,High
14487.0,0.24,Low
14489.0,0.775,High
14491.0,0.865,High
14493.0,0.26,Low
14495.0,0.275,Low
14496.0,0.845,High
14497.0,0.91,High
14498.0,0.03,Low
14499.0,0.08,Low
14500.0,0.17,Low
14501.0,0.6,Medium
14502.0,0.085,Low
14503.0,0.1,Low
14504.0,0.435,Medium
14505.0,0.06,Low
14506.0,0.09,Low
14507.0,0.11,Low
14511.0,0.225,Low
14512.0,0.77,High
14513.0,0.82,High
14514.0,0.1,Low
14515.0,0.435,Medium
14517.0,0.175,Low
14520.0,0.235,Low
14522.0,0.745,High
14523.0,0.875,High
14524.0,0.275,Low
14525.0,0.015,Low
14527.0,0.01,Low
14529.0,0.695,Medium
14530.0,0.035,Low
14532.0,0.73,High
14533.0,0.095,Low
14534.0,0.09,Low
14535.0,0.075,Low
14536.0,0.845,High
14538.0,0.645,Medium
14540.0,0.205,Low
14541.0,0.04,Low
14542.0,0.805,High
14543.0,0.03,Low
14544.0,0.19,Low
14546.0,0.405,Medium
14548.0,0.82,High
14549.0,0.93,High
14551.0,0.255,Low
14552.0,0.79,High
14553.0,0.28,Low
14555.0,0.71,High
14560.0,0.02,Low
14561.0,0.21,Low
14562.0,0.025,Low
14565.0,0.085,Low
14567.0,0.64,Medium
14570.0,0.91,High
14572.0,0.05,Low
14573.0,0.69,Medium
14576.0,0.93,High
14577.0,0.135,Low
14583.0,0.07,Low
14584.0,0.44,Medium
14586.0,0.84,High
14587.0,0.285,Low
14589.0,0.635,Medium
14591.0,0.18,Low
14593.0,0.235,Low
14594.0,0.175,Low
14595.0,0.155,Low
14597.0,0.215,Low
14600.0,0.965,High
14603.0,0.8,High
14606.0,0.005,Low
14607.0,0.305,Medium
14608.0,0.34,Medium
14609.0,0.44,Medium
14616.0,0.79,High
14618.0,0.305,Medium
14619.0,0.995,High
14620.0,0.765,High
14621.0,0.065,Low
14622.0,0.835,High
14623.0,0.04,Low
14625.0,0.29,Low
14626.0,0.375,Medium
14628.0,0.265,Low
14631.0,0.66,Medium
14632.0,0.925,High
14633.0,0.97,High
14636.0,0.195,Low
14639.0,0.125,Low
14640.0,0.045,Low
14643.0,0.78,High
14644.0,0.245,Low
14645.0,0.77,High
14647.0,0.6,Medium
14649.0,0.4,Medium
14651.0,0.18,Low
14653.0,0.295,Low
14655.0,0.315,Medium
14656.0,0.73,High
14657.0,0.12,Low
14658.0,0.605,Medium
14659.0,0.005,Low
14662.0,0.15,Low
14665.0,0.175,Low
14667.0,0.0,
14669.0,0.665,Medium
14670.0,0.785,High
14672.0,0.8,High
14673.0,0.68,Medium
14676.0,0.025,Low
14680.0,0.1,Low
14681.0,0.245,Low
14682.0,0.65,Medium
14684.0,0.12,Low
14687.0,0.915,High
14688.0,0.025,Low
14689.0,0.77,High
14690.0,0.45,Medium
14691.0,0.22,Low
14692.0,0.71,High
14693.0,0.855,High
14696.0,0.02,Low
14697.0,0.84,High
14699.0,0.91,High
14700.0,0.22,Low
14701.0,0.085,Low
14702.0,0.01,Low
14704.0,0.515,Medium
14705.0,0.935,High
14708.0,0.17,Low
14709.0,0.01,Low
14711.0,0.035,Low
14712.0,0.175,Low
14713.0,0.015,Low
14715.0,0.2,Low
14716.0,0.22,Low
14719.0,0.35,Medium
14720.0,0.115,Low
14722.0,0.46,Medium
14723.0,0.21,Low
14727.0,0.675,Medium
14729.0,0.91,High
14730.0,0.025,Low
14731.0,0.185,Low
14732.0,0.065,Low
14733.0,0.01,Low
14735.0,0.02,Low
14737.0,0.3,Low
14738.0,0.055,Low
14739.0,0.085,Low
14740.0,0.715,High
14741.0,0.25,Low
14744.0,0.185,Low
14745.0,0.65,Medium
14747.0,0.855,High
14748.0,0.09,Low
14754.0,0.485,Medium
14755.0,0.005,Low
14758.0,0.13,Low
14759.0,0.15,Low
14760.0,0.895,High
14761.0,0.785,High
14762.0,0.79,High
14765.0,0.12,Low
14766.0,0.05,Low
14768.0,0.155,Low
14769.0,0.015,Low
14770.0,0.825,High
14772.0,0.665,Medium
14775.0,0.125,Low
14776.0,0.03,Low
14778.0,0.48,Medium
14779.0,0.555,Medium
14782.0,0.605,Medium
14784.0,0.645,Medium
14790.0,0.085,Low
14794.0,0.275,Low
14795.0,0.565,Medium
14796.0,0.005,Low
14798.0,0.145,Low
14800.0,0.005,Low
14803.0,0.725,High
14805.0,0.48,Medium
14808.0,0.15,Low
14810.0,0.01,Low
14813.0,0.395,Medium
14816.0,0.725,High
14817.0,0.77,High
14818.0,0.515,Medium
14819.0,0.205,Low
14820.0,0.21,Low
14821.0,0.86,High
14823.0,0.855,High
14825.0,0.075,Low
14828.0,0.72,High
14829.0,0.225,Low
14834.0,0.145,Low
14837.0,0.085,Low
14840.0,0.805,High
14841.0,0.225,Low
14842.0,0.14,Low
14844.0,0.155,Low
14847.0,0.71,High
14849.0,0.005,Low
14850.0,0.935,High
14851.0,0.265,Low
14852.0,0.05,Low
14853.0,0.685,Medium
14854.0,0.07,Low
14855.0,0.865,High
14857.0,0.17,Low
14859.0,0.18,Low
14862.0,0.145,Low
14865.0,0.28,Low
14866.0,0.155,Low
14867.0,0.75,High
14868.0,0.12,Low
14869.0,0.26,Low
14870.0,0.47,Medium
14871.0,0.135,Low
14873.0,0.865,High
14875.0,0.735,High
14878.0,0.12,Low
14880.0,0.095,Low
14883.0,0.175,Low
14885.0,0.92,High
14886.0,0.945,High
14888.0,0.825,High
14889.0,0.925,High
14890.0,0.585,Medium
14891.0,0.71,High
14895.0,0.01,Low
14896.0,0.31,Medium
14897.0,0.215,Low
14898.0,0.09,Low
14901.0,0.17,Low
14903.0,0.02,Low
14905.0,0.71,High
14907.0,0.09,Low
14913.0,0.12,Low
14915.0,0.245,Low
14916.0,0.145,Low
14918.0,0.425,Medium
14920.0,0.72,High
14921.0,0.195,Low
14924.0,0.93,High
14944.0,0.08,Low
14947.0,0.19,Low
14948.0,0.105,Low
14952.0,0.105,Low
14957.0,0.805,High
14958.0,0.72,High
14959.0,0.115,Low
14960.0,0.14,Low
14961.0,0.045,Low
14962.0,0.825,High
14963.0,0.555,Medium
14964.0,0.595,Medium
14970.0,0.16,Low
14972.0,0.74,High
14973.0,0.455,Medium
14976.0,0.2,Low
14978.0,0.215,Low
14981.0,0.85,High
14984.0,0.195,Low
14985.0,0.73,High
14987.0,0.195,Low
14988.0,0.815,High
14995.0,0.195,Low
14997.0,0.215,Low
14998.0,0.44,Medium
15002.0,0.14,Low
15004.0,0.71,High
15005.0,0.015,Low
15007.0,0.895,High
15012.0,0.215,Low
15014.0,0.18,Low
15016.0,0.755,High
15018.0,0.73,High
15019.0,0.75,High
15021.0,0.115,Low
15023.0,0.0,
15024.0,0.045,Low
15026.0,0.215,Low
15027.0,0.13,Low
15028.0,0.235,Low
15030.0,0.325,Medium
15031.0,0.245,Low
15032.0,0.745,High
15033.0,0.02,Low
15034.0,0.205,Low
15036.0,0.54,Medium
15038.0,0.16,Low
15039.0,0.0,
15041.0,0.94,High
15042.0,0.875,High
15044.0,0.01,Low
15045.0,0.715,High
15046.0,0.01,Low
15047.0,0.79,High
15048.0,0.105,Low
15049.0,0.845,High
15051.0,0.19,Low
15052.0,0.88,High
15053.0,0.14,Low
15057.0,0.28,Low
15058.0,0.01,Low
15059.0,0.01,Low
15061.0,0.17,Low
15062.0,0.485,Medium
15063.0,0.865,High
15065.0,0.21,Low
15067.0,0.525,Medium
15068.0,0.165,Low
15069.0,0.57,Medium
15070.0,0.905,High
15071.0,0.36,Medium
15073.0,0.53,Medium
15074.0,0.205,Low
15076.0,0.37,Medium
15078.0,0.0,
15079.0,0.69,Medium
15081.0,0.19,Low
15083.0,0.84,High
15087.0,0.445,Medium
15089.0,0.28,Low
15090.0,0.965,High
15092.0,0.6,Medium
15093.0,0.03,Low
15095.0,0.695,Medium
15098.0,0.79,High
15100.0,0.825,High
15101.0,0.22,Low
15104.0,0.775,High
15105.0,0.835,High
15106.0,0.045,Low
15107.0,0.73,High
15109.0,0.9,High
15110.0,0.47,Medium
15111.0,0.185,Low
15114.0,0.015,Low
15116.0,0.15,Low
15117.0,0.135,Low
15118.0,0.975,High
15119.0,0.69,Medium
15120.0,0.845,High
15121.0,0.665,Medium
15122.0,0.465,Medium
15123.0,0.145,Low
15124.0,0.235,Low
15125.0,0.055,Low
15128.0,0.07,Low
15129.0,0.07,Low
15130.0,0.555,Medium
15132.0,0.255,Low
15133.0,0.45,Medium
15134.0,0.21,Low
15135.0,0.89,High
15139.0,0.74,High
15140.0,0.03,Low
15143.0,0.8,High
15144.0,0.015,Low
15145.0,0.225,Low
15146.0,0.685,Medium
15147.0,0.865,High
15149.0,0.835,High
15150.0,0.01,Low
15152.0,0.025,Low
15157.0,0.055,Low
15159.0,0.015,Low
15160.0,0.895,High
15163.0,0.49,Medium
15164.0,0.37,Medium
15165.0,0.9,High
15167.0,0.82,High
15171.0,0.795,High
15172.0,0.035,Low
15174.0,0.86,High
15178.0,0.635,Medium
15179.0,0.125,Low
15180.0,0.915,High
15181.0,0.115,Low
15182.0,0.79,High
15184.0,0.2,Low
15186.0,0.195,Low
15187.0,0.36,Medium
15189.0,0.025,Low
15192.0,0.775,High
15194.0,0.0,
15197.0,0.16,Low
15198.0,0.175,Low
15199.0,0.15,Low
15201.0,0.115,Low
15203.0,0.025,Low
15204.0,0.8,High
15205.0,0.245,Low
15206.0,0.24,Low
15208.0,0.28,Low
15210.0,0.89,High
15211.0,0.825,High
15212.0,0.715,High
15213.0,0.835,High
15214.0,0.15,Low
15218.0,0.0,
15219.0,0.875,High
15220.0,0.015,Low
15221.0,0.705,High
15222.0,0.84,High
15223.0,0.805,High
15224.0,0.87,High
15225.0,0.905,High
15226.0,0.91,High
15227.0,0.185,Low
15228.0,0.285,Low
15230.0,0.92,High
15232.0,0.795,High
15234.0,0.82,High
15235.0,0.38,Medium
15236.0,0.825,High
15237.0,0.56,Medium
15238.0,0.28,Low
15240.0,0.165,Low
15241.0,0.025,Low
15244.0,0.41,Medium
15245.0,0.735,High
15246.0,0.715,High
15247.0,0.65,Medium
15249.0,0.005,Low
15251.0,0.24,Low
15252.0,0.165,Low
15253.0,0.195,Low
15254.0,0.755,High
15256.0,0.765,High
15257.0,0.825,High
15258.0,0.475,Medium
15260.0,0.625,Medium
15261.0,0.825,High
15262.0,0.84,High
15263.0,0.85,High
15265.0,0.805,High
15266.0,0.825,High
15267.0,0.19,Low
15270.0,0.09,Low
15271.0,0.005,Low
15279.0,0.545,Medium
15280.0,0.46,Medium
15281.0,0.0,
15288.0,0.12,Low
15289.0,0.11,Low
15290.0,0.025,Low
15291.0,0.12,Low
15292.0,0.745,High
15296.0,0.015,Low
15298.0,0.18,Low
15299.0,0.18,Low
15301.0,0.015,Low
15303.0,0.935,High
15304.0,0.12,Low
15306.0,0.125,Low
15308.0,0.95,High
15311.0,0.025,Low
15312.0,0.675,Medium
15313.0,0.92,High
15314.0,0.84,High
15315.0,0.53,Medium
15316.0,0.71,High
15319.0,0.835,High
15321.0,0.195,Low
15325.0,0.755,High
15326.0,0.84,High
15329.0,0.16,Low
15333.0,0.9,High
15334.0,0.785,High
15339.0,0.235,Low
15342.0,0.565,Medium
15346.0,0.695,Medium
15347.0,0.855,High
15349.0,0.78,High
15350.0,0.585,Medium
15351.0,0.215,Low
15353.0,0.78,High
15356.0,0.0,
15358.0,0.01,Low
15361.0,0.9,High
15363.0,0.855,High
15364.0,0.18,Low
15365.0,0.135,Low
15366.0,0.345,Medium
15367.0,0.18,Low
15370.0,0.12,Low
15372.0,0.775,High
15373.0,0.0,
15374.0,0.775,High
15376.0,0.15,Low
15379.0,0.755,High
15380.0,0.215,Low
15381.0,0.455,Medium
15382.0,0.08,Low
15384.0,0.765,High
15386.0,0.88,High
15389.0,0.87,High
15392.0,0.27,Low
15393.0,0.885,High
15394.0,0.085,Low
15395.0,0.8,High
15396.0,0.535,Medium
15397.0,0.885,High
15400.0,0.145,Low
15402.0,0.745,High
15405.0,0.865,High
15406.0,0.265,Low
15407.0,0.16,Low
15408.0,0.41,Medium
15410.0,0.035,Low
15411.0,0.485,Medium
15412.0,0.705,High
15414.0,0.26,Low
15415.0,0.885,High
15416.0,0.235,Low
15421.0,0.32,Medium
15422.0,0.865,High
15424.0,0.935,High
15426.0,0.155,Low
15433.0,0.825,High
15434.0,0.15,Low
15436.0,0.53,Medium
15437.0,0.795,High
15438.0,0.38,Medium
15440.0,0.195,Low
15442.0,0.72,High
15443.0,0.1,Low
15445.0,0.885,High
15447.0,0.895,High
15448.0,0.855,High
15449.0,0.44,Medium
15452.0,0.095,Low
15453.0,0.29,Low
15454.0,0.81,High
15456.0,0.78,High
15457.0,0.91,High
15460.0,0.875,High
15462.0,0.17,Low
15464.0,0.845,High
15465.0,0.06,Low
15467.0,0.465,Medium
15469.0,0.425,Medium
15472.0,0.86,High
15482.0,0.11,Low
15483.0,0.375,Medium
15485.0,0.105,Low
15489.0,0.21,Low
15491.0,0.285,Low
15493.0,0.06,Low
15494.0,0.145,Low
15497.0,0.24,Low
15498.0,0.03,Low
15502.0,0.045,Low
15503.0,0.65,Medium
15505.0,0.325,Medium
15506.0,0.73,High
15507.0,0.53,Medium
15508.0,0.7,Medium
15510.0,0.92,High
15512.0,0.48,Medium
15513.0,0.0,
15514.0,0.125,Low
15517.0,0.835,High
15518.0,0.015,Low
15521.0,0.025,Low
15525.0,0.245,Low
15527.0,0.03,Low
15528.0,0.87,High
15529.0,0.02,Low
15530.0,0.085,Low
15532.0,0.085,Low
15535.0,0.75,High
15537.0,0.715,High
15541.0,0.66,Medium
15543.0,0.84,High
15544.0,0.0,
15545.0,0.345,Medium
15547.0,0.005,Low
15549.0,0.055,Low
15550.0,0.22,Low
15552.0,0.845,High
15554.0,0.645,Medium
15555.0,0.0,
15561.0,0.125,Low
15562.0,0.92,High
15563.0,0.16,Low
15569.0,0.35,Medium
15570.0,0.015,Low
15572.0,0.045,Low
15574.0,0.775,High
15577.0,0.485,Medium
15578.0,0.85,High
15579.0,0.19,Low
15581.0,0.66,Medium
15582.0,0.205,Low
15584.0,0.315,Medium
15585.0,0.475,Medium
15587.0,0.305,Medium
15589.0,0.89,High
15594.0,0.135,Low
15596.0,0.72,High
15599.0,0.255,Low
15601.0,0.0,
15602.0,0.115,Low
15605.0,0.56,Medium
15606.0,0.005,Low
15607.0,0.895,High
15608.0,0.2,Low
15609.0,0.75,High
15611.0,0.08,Low
15615.0,0.01,Low
15618.0,0.55,Medium
15620.0,0.395,Medium
15622.0,0.145,Low
15623.0,0.8,High
15624.0,0.215,Low
15625.0,0.67,Medium
15626.0,0.235,Low
15628.0,0.045,Low
15630.0,0.23,Low
15632.0,0.025,Low
15636.0,0.33,Medium
15639.0,0.64,Medium
15640.0,0.01,Low
15641.0,0.16,Low
15643.0,0.72,High
15644.0,0.165,Low
15646.0,0.735,High
15648.0,0.815,High
15649.0,0.855,High
15651.0,0.725,High
15653.0,0.145,Low
15655.0,0.645,Medium
15656.0,0.295,Low
15658.0,0.685,Medium
15660.0,0.095,Low
15661.0,0.695,Medium
15663.0,0.405,Medium
15665.0,0.705,High
15668.0,0.98,High
15669.0,0.165,Low
15670.0,0.845,High
15671.0,0.065,Low
15673.0,0.21,Low
15674.0,0.41,Medium
15675.0,0.455,Medium
15676.0,0.225,Low
15679.0,0.165,Low
15680.0,0.185,Low
15681.0,0.135,Low
15683.0,0.94,High
15687.0,0.24,Low
15689.0,0.77,High
15691.0,0.81,High
15694.0,0.19,Low
15695.0,0.94,High
15696.0,0.315,Medium
15700.0,0.435,Medium
15701.0,0.19,Low
15703.0,0.78,High
15704.0,0.725,High
15705.0,0.525,Medium
15706.0,0.115,Low
15708.0,0.04,Low
15709.0,0.82,High
15712.0,0.37,Medium
15713.0,0.805,High
15716.0,0.65,Medium
15717.0,0.85,High
15719.0,0.025,Low
15722.0,0.515,Medium
15723.0,0.85,High
15724.0,0.875,High
15727.0,0.005,Low
15729.0,0.84,High
15730.0,0.26,Low
15732.0,0.905,High
15733.0,0.895,High
15734.0,0.815,High
15737.0,0.16,Low
15738.0,0.005,Low
15743.0,0.29,Low
15745.0,0.215,Low
15746.0,0.755,High
15747.0,0.16,Low
15749.0,0.465,Medium
15750.0,0.315,Medium
15752.0,0.105,Low
15753.0,0.9,High
15754.0,0.33,Medium
15755.0,0.35,Medium
15756.0,0.105,Low
15757.0,0.26,Low
15759.0,0.37,Medium
15764.0,0.01,Low
15768.0,0.73,High
15769.0,0.005,Low
15775.0,0.645,Medium
15776.0,0.85,High
15777.0,0.65,Medium
15780.0,0.475,Medium
15781.0,0.215,Low
15785.0,0.07,Low
15786.0,0.145,Low
15789.0,0.93,High
15791.0,0.325,Medium
15793.0,0.23,Low
15795.0,0.29,Low
15796.0,0.035,Low
15797.0,0.705,High
15799.0,0.125,Low
15800.0,0.705,High
15801.0,0.185,Low
15802.0,0.945,High
15804.0,0.04,Low
15805.0,0.005,Low
15806.0,0.145,Low
15808.0,0.76,High
15809.0,0.12,Low
15810.0,0.165,Low
15811.0,0.085,Low
15812.0,0.59,Medium
15813.0,0.7,Medium
15815.0,0.05,Low
15819.0,0.115,Low
15820.0,0.845,High
15822.0,0.205,Low
15823.0,0.78,High
15825.0,0.905,High
15826.0,0.195,Low
15827.0,0.01,Low
15829.0,0.19,Low
15831.0,0.15,Low
15832.0,0.765,High
15834.0,0.07,Low
15835.0,0.505,Medium
15838.0,0.025,Low
15839.0,0.175,Low
15840.0,0.15,Low
15841.0,0.42,Medium
15843.0,0.96,High
15845.0,0.065,Low
15847.0,0.21,Low
15850.0,0.325,Medium
15852.0,0.655,Medium
15854.0,0.02,Low
15855.0,0.635,Medium
15856.0,0.0,
15858.0,0.185,Low
15860.0,0.045,Low
15861.0,0.045,Low
15862.0,0.1,Low
15863.0,0.09,Low
15864.0,0.335,Medium
15865.0,0.795,High
15866.0,0.855,High
15867.0,0.01,Low
15869.0,0.89,High
15874.0,0.07,Low
15880.0,0.9,High
15881.0,0.905,High
15882.0,0.805,High
15885.0,0.335,Medium
15889.0,0.755,High
15891.0,0.83,High
15894.0,0.77,High
15895.0,0.785,High
15897.0,0.86,High
15898.0,0.15,Low
15899.0,0.635,Medium
15901.0,0.19,Low
15903.0,0.255,Low
15906.0,0.04,Low
15907.0,0.34,Medium
15909.0,0.885,High
15910.0,0.14,Low
15912.0,0.39,Medium
15916.0,0.07,Low
15917.0,0.875,High
15918.0,0.79,High
15919.0,0.17,Low
15920.0,0.565,Medium
15921.0,0.58,Medium
15922.0,0.815,High
15923.0,0.75,High
15925.0,0.46,Medium
15932.0,0.135,Low
15935.0,0.86,High
15938.0,0.32,Medium
15939.0,0.005,Low
15940.0,0.84,High
15942.0,0.305,Medium
15944.0,0.935,High
15945.0,0.325,Medium
15950.0,0.115,Low
15951.0,0.745,High
15952.0,0.33,Medium
15953.0,0.285,Low
15955.0,0.005,Low
15965.0,0.64,Medium
15967.0,0.5,Medium
15969.0,0.225,Low
15970.0,0.915,High
15971.0,0.045,Low
15973.0,0.845,High
15974.0,0.04,Low
15976.0,0.785,High
15980.0,0.65,Medium
15981.0,0.03,Low
15983.0,0.43,Medium
15984.0,0.055,Low
15985.0,0.78,High
15987.0,0.045,Low
15990.0,0.365,Medium
15996.0,0.03,Low
15998.0,0.225,Low
16003.0,0.13,Low
16005.0,0.27,Low
16006.0,0.515,Medium
16007.0,0.155,Low
16008.0,0.49,Medium
16009.0,0.465,Medium
16010.0,0.385,Medium
16011.0,0.0,
16012.0,0.215,Low
16013.0,0.075,Low
16014.0,0.145,Low
16016.0,0.07,Low
16018.0,0.285,Low
16019.0,0.005,Low
16022.0,0.885,High
16023.0,0.165,Low
16027.0,0.02,Low
16029.0,0.08,Low
16030.0,0.925,High
16031.0,0.185,Low
16033.0,0.005,Low
16034.0,0.82,High
16036.0,0.19,Low
16037.0,0.38,Medium
16038.0,0.165,Low
16040.0,0.17,Low
16041.0,0.195,Low
16042.0,0.135,Low
16043.0,0.185,Low
16045.0,0.06,Low
16048.0,0.415,Medium
16050.0,0.865,High
16053.0,0.25,Low
16054.0,0.77,High
16055.0,0.515,Medium
16057.0,0.13,Low
16059.0,0.08,Low
16062.0,0.085,Low
16063.0,0.905,High
16065.0,0.885,High
16066.0,0.31,Medium
16072.0,0.83,High
16073.0,0.84,High
16076.0,0.225,Low
16078.0,0.89,High
16080.0,0.27,Low
16081.0,0.225,Low
16083.0,0.635,Medium
16084.0,0.865,High
16085.0,0.145,Low
16086.0,0.21,Low
16091.0,0.45,Medium
16092.0,0.705,High
16093.0,0.855,High
16094.0,0.245,Low
16096.0,0.88,High
16097.0,0.865,High
16098.0,0.02,Low
16099.0,0.185,Low
16102.0,0.155,Low
16103.0,0.225,Low
16105.0,0.565,Medium
16107.0,0.225,Low
16109.0,0.75,High
16110.0,0.5,Medium
16112.0,0.825,High
16113.0,0.885,High
16114.0,0.785,High
16115.0,0.01,Low
16116.0,0.83,High
16117.0,0.525,Medium
16121.0,0.74,High
16122.0,0.375,Medium
16124.0,0.81,High
16125.0,0.76,High
16126.0,0.13,Low
16128.0,0.45,Medium
16131.0,0.065,Low
16133.0,0.04,Low
16134.0,0.13,Low
16135.0,0.915,High
16136.0,0.63,Medium
16139.0,0.215,Low
16140.0,0.58,Medium
16142.0,0.825,High
16143.0,0.055,Low
16144.0,0.92,High
16145.0,0.0,
16146.0,0.69,Medium
16147.0,0.83,High
16148.0,0.97,High
16149.0,0.175,Low
16150.0,0.08,Low
16152.0,0.875,High
16153.0,0.08,Low
16156.0,0.025,Low
16159.0,0.38,Medium
16161.0,0.015,Low
16162.0,0.82,High
16163.0,0.77,High
16168.0,0.01,Low
16170.0,0.02,Low
16172.0,0.105,Low
16174.0,0.79,High
16175.0,0.16,Low
16178.0,0.515,Medium
16180.0,0.645,Medium
16182.0,0.19,Low
16184.0,0.105,Low
16185.0,0.32,Medium
16186.0,0.075,Low
16187.0,0.0,
16188.0,0.07,Low
16191.0,0.425,Medium
16193.0,0.9,High
16200.0,0.23,Low
16201.0,0.185,Low
16202.0,0.84,High
16203.0,0.12,Low
16205.0,0.215,Low
16206.0,0.13,Low
16208.0,0.325,Medium
16209.0,0.085,Low
16210.0,0.025,Low
16212.0,0.215,Low
16214.0,0.795,High
16216.0,0.74,High
16217.0,0.845,High
16218.0,0.015,Low
16221.0,0.135,Low
16222.0,0.825,High
16224.0,0.075,Low
16225.0,0.03,Low
16226.0,0.88,High
16227.0,0.84,High
16229.0,0.205,Low
16230.0,0.37,Medium
16232.0,0.34,Medium
16233.0,0.19,Low
16235.0,0.615,Medium
16239.0,0.125,Low
16241.0,0.04,Low
16242.0,0.08,Low
16244.0,0.27,Low
16245.0,0.11,Low
16247.0,0.555,Medium
16249.0,0.08,Low
16250.0,0.82,High
16253.0,0.365,Medium
16255.0,0.04,Low
16256.0,0.9,High
16257.0,0.825,High
16258.0,0.095,Low
16261.0,0.12,Low
16265.0,0.0,
16266.0,0.08,Low
16270.0,0.665,Medium
16271.0,0.12,Low
16272.0,0.82,High
16274.0,0.85,High
16275.0,0.83,High
16276.0,0.33,Medium
16279.0,0.12,Low
16282.0,0.82,High
16283.0,0.14,Low
16287.0,0.8,High
16292.0,0.745,High
16293.0,0.155,Low
16297.0,0.86,High
16298.0,0.315,Medium
16302.0,0.855,High
16303.0,0.045,Low
16305.0,0.89,High
16306.0,0.265,Low
16308.0,0.435,Medium
16309.0,0.805,High
16315.0,0.76,High
16316.0,0.03,Low
16317.0,0.665,Medium
16319.0,0.885,High
16323.0,0.905,High
16324.0,0.275,Low
16325.0,0.205,Low
16326.0,0.02,Low
16327.0,0.145,Low
16330.0,0.5,Medium
16332.0,0.095,Low
16333.0,0.265,Low
16338.0,0.885,High
16339.0,0.78,High
16340.0,0.23,Low
16341.0,0.18,Low
16342.0,0.34,Medium
16344.0,0.84,High
16348.0,0.03,Low
16349.0,0.86,High
16350.0,0.3,Low
16351.0,0.955,High
16353.0,0.025,Low
16356.0,0.805,High
16357.0,0.19,Low
16358.0,0.48,Medium
16359.0,0.16,Low
16364.0,0.19,Low
16365.0,0.065,Low
16367.0,0.215,Low
16369.0,0.14,Low
16370.0,0.07,Low
16374.0,0.16,Low
16377.0,0.81,High
16378.0,0.54,Medium
16383.0,0.185,Low
16384.0,0.85,High
16385.0,0.255,Low
16386.0,0.59,Medium
16387.0,0.895,High
16389.0,0.17,Low
16392.0,0.85,High
16393.0,0.035,Low
16394.0,0.335,Medium
16395.0,0.075,Low
16398.0,0.805,High
16399.0,0.225,Low
16401.0,0.005,Low
16402.0,0.83,High
16403.0,0.925,High
16405.0,0.845,High
16407.0,0.05,Low
16409.0,0.145,Low
16411.0,0.2,Low
16414.0,0.315,Medium
16418.0,0.225,Low
16419.0,0.69,Medium
16422.0,0.035,Low
16424.0,0.8,High
16425.0,0.65,Medium
16426.0,0.345,Medium
16427.0,0.88,High
16429.0,0.855,High
16431.0,0.695,Medium
16434.0,0.24,Low
16440.0,0.48,Medium
16441.0,0.11,Low
16442.0,0.25,Low
16444.0,0.125,Low
16446.0,0.15,Low
16447.0,0.595,Medium
16448.0,0.855,High
16449.0,0.48,Medium
16450.0,0.885,High
16455.0,0.275,Low
16456.0,0.28,Low
16457.0,0.895,High
16458.0,0.025,Low
16461.0,0.85,High
16462.0,0.455,Medium
16463.0,0.475,Medium
16464.0,0.25,Low
16466.0,0.05,Low
16469.0,0.28,Low
16470.0,0.06,Low
16471.0,0.805,High
16473.0,0.79,High
16474.0,0.225,Low
16475.0,0.135,Low
16477.0,0.025,Low
16483.0,0.79,High
16484.0,0.81,High
16488.0,0.15,Low
16493.0,0.195,Low
16494.0,0.4,Medium
16495.0,0.585,Medium
16496.0,0.165,Low
16497.0,0.295,Low
16498.0,0.445,Medium
16499.0,0.62,Medium
16500.0,0.71,High
16503.0,0.15,Low
16509.0,0.855,High
16510.0,0.595,Medium
16511.0,0.09,Low
16515.0,0.045,Low
16517.0,0.825,High
16518.0,0.165,Low
16519.0,0.2,Low
16520.0,0.665,Medium
16523.0,0.0,
16525.0,0.05,Low
16526.0,0.84,High
16529.0,0.84,High
16531.0,0.15,Low
16532.0,0.345,Medium
16536.0,0.75,High
16539.0,0.135,Low
16545.0,0.77,High
16546.0,0.73,High
16549.0,0.095,Low
16550.0,0.11,Low
16551.0,0.11,Low
16552.0,0.9,High
16553.0,0.62,Medium
16554.0,0.165,Low
16555.0,0.145,Low
16556.0,0.015,Low
16557.0,0.14,Low
16558.0,0.02,Low
16560.0,0.695,Medium
16565.0,0.815,High
16566.0,0.09,Low
16567.0,0.71,High
16570.0,0.075,Low
16571.0,0.145,Low
16572.0,0.785,High
16573.0,0.23,Low
16581.0,0.84,High
16582.0,0.875,High
16583.0,0.85,High
16584.0,0.77,High
16586.0,0.91,High
16587.0,0.83,High
16589.0,0.345,Medium
16592.0,0.005,Low
16593.0,0.21,Low
16596.0,0.265,Low
16598.0,0.925,High
16600.0,0.22,Low
16607.0,0.0,
16609.0,0.09,Low
16610.0,0.89,High
16611.0,0.885,High
16612.0,0.155,Low
16614.0,0.82,High
16616.0,0.315,Medium
16617.0,0.885,High
16618.0,0.18,Low
16619.0,0.8,High
16620.0,0.34,Medium
16621.0,0.18,Low
16623.0,0.85,High
16624.0,0.175,Low
16625.0,0.845,High
16626.0,0.035,Low
16628.0,0.065,Low
16633.0,0.345,Medium
16634.0,0.845,High
16637.0,0.085,Low
16638.0,0.025,Low
16639.0,0.485,Medium
16641.0,0.81,High
16642.0,0.215,Low
16643.0,0.95,High
16644.0,0.71,High
16647.0,0.8,High
16652.0,0.04,Low
16654.0,0.795,High
16655.0,0.075,Low
16656.0,0.03,Low
16657.0,0.125,Low
16658.0,0.835,High
16659.0,0.855,High
16660.0,0.145,Low
16665.0,0.825,High
16667.0,0.24,Low
16668.0,0.085,Low
16670.0,0.0,
16671.0,0.275,Low
16672.0,0.125,Low
16676.0,0.42,Medium
16678.0,0.01,Low
16679.0,0.84,High
16681.0,0.065,Low
16682.0,0.57,Medium
16684.0,0.04,Low
16686.0,0.09,Low
16690.0,0.215,Low
16692.0,0.605,Medium
16693.0,0.215,Low
16696.0,0.77,High
16697.0,0.575,Medium
16698.0,0.405,Medium
16700.0,0.01,Low
16701.0,0.025,Low
16705.0,0.095,Low
16706.0,0.77,High
16709.0,0.055,Low
16710.0,0.005,Low
16711.0,0.075,Low
16712.0,0.02,Low
16713.0,0.005,Low
16714.0,0.76,High
16716.0,0.535,Medium
16717.0,0.05,Low
16718.0,0.8,High
16719.0,0.09,Low
16721.0,0.47,Medium
16722.0,0.02,Low
16723.0,0.2,Low
16725.0,0.425,Medium
16726.0,0.075,Low
16727.0,0.78,High
16728.0,0.095,Low
16729.0,0.12,Low
16730.0,0.155,Low
16734.0,0.515,Medium
16735.0,0.235,Low
16738.0,0.75,High
16739.0,0.77,High
16743.0,0.03,Low
16744.0,0.19,Low
16745.0,0.005,Low
16746.0,0.0,
16748.0,0.135,Low
16750.0,0.205,Low
16752.0,0.75,High
16754.0,0.605,Medium
16755.0,0.685,Medium
16756.0,0.635,Medium
16757.0,0.625,Medium
16762.0,0.29,Low
16763.0,0.855,High
16764.0,0.165,Low
16765.0,0.925,High
16766.0,0.6,Medium
16767.0,0.01,Low
16768.0,0.3,Low
16769.0,0.65,Medium
16770.0,0.09,Low
16771.0,0.09,Low
16774.0,0.135,Low
16775.0,0.12,Low
16777.0,0.375,Medium
16778.0,0.725,High
16779.0,0.0,
16780.0,0.84,High
16781.0,0.92,High
16782.0,0.01,Low
16788.0,0.7,Medium
16791.0,0.025,Low
16792.0,0.83,High
16794.0,0.09,Low
16795.0,0.635,Medium
16801.0,0.145,Low
16804.0,0.59,Medium
16805.0,0.73,High
16806.0,0.11,Low
16807.0,0.66,Medium
16808.0,0.245,Low
16809.0,0.06,Low
16810.0,0.745,High
16812.0,0.85,High
16813.0,0.055,Low
16814.0,0.0,
16816.0,0.665,Medium
16817.0,0.255,Low
16818.0,0.02,Low
16823.0,0.55,Medium
16824.0,0.105,Low
16825.0,0.695,Medium
16828.0,0.095,Low
16829.0,0.795,High
16832.0,0.885,High
16833.0,0.235,Low
16834.0,0.905,High
16835.0,0.775,High
16836.0,0.185,Low
16837.0,0.105,Low
16838.0,0.785,High
16839.0,0.0,
16841.0,0.005,Low
16842.0,0.77,High
16843.0,0.01,Low
16849.0,0.815,High
16850.0,0.895,High
16852.0,0.475,Medium
16858.0,0.61,Medium
16859.0,0.735,High
16861.0,0.315,Medium
16863.0,0.18,Low
16866.0,0.73,High
16869.0,0.365,Medium
16871.0,0.155,Low
16872.0,0.18,Low
16873.0,0.11,Low
16875.0,0.055,Low
16877.0,0.5,Medium
16880.0,0.155,Low
16882.0,0.55,Medium
16883.0,0.735,High
16885.0,0.575,Medium
16889.0,0.645,Medium
16891.0,0.125,Low
16892.0,0.24,Low
16893.0,0.71,High
16897.0,0.85,High
16898.0,0.2,Low
16899.0,0.285,Low
16902.0,0.815,High
16904.0,0.0,
16905.0,0.14,Low
16906.0,0.16,Low
16907.0,0.145,Low
16912.0,0.05,Low
16913.0,0.945,High
16915.0,0.36,Medium
16916.0,0.165,Low
16917.0,0.775,High
16918.0,0.08,Low
16919.0,0.67,Medium
16923.0,0.075,Low
16926.0,0.82,High
16927.0,0.76,High
16928.0,0.105,Low
16929.0,0.09,Low
16931.0,0.02,Low
16933.0,0.275,Low
16938.0,0.065,Low
16940.0,0.075,Low
16942.0,0.075,Low
16943.0,0.68,Medium
16945.0,0.005,Low
16947.0,0.955,High
16948.0,0.745,High
16949.0,0.055,Low
16950.0,0.12,Low
16951.0,0.225,Low
16952.0,0.825,High
16954.0,0.08,Low
16955.0,0.87,High
16957.0,0.865,High
16960.0,0.66,Medium
16961.0,0.74,High
16963.0,0.35,Medium
16965.0,0.89,High
16966.0,0.32,Medium
16967.0,0.605,Medium
16968.0,0.23,Low
16969.0,0.335,Medium
16976.0,0.775,High
16979.0,0.115,Low
16980.0,0.76,High
16983.0,0.09,Low
16984.0,0.125,Low
16985.0,0.03,Low
16987.0,0.205,Low
16989.0,0.22,Low
16990.0,0.93,High
16992.0,0.38,Medium
16996.0,0.045,Low
16997.0,0.785,High
16998.0,0.815,High
17001.0,0.035,Low
17002.0,0.18,Low
17007.0,0.255,Low
17015.0,0.125,Low
17017.0,0.21,Low
17018.0,0.705,High
17019.0,0.37,Medium
17024.0,0.18,Low
17025.0,0.215,Low
17026.0,0.87,High
17027.0,0.23,Low
17029.0,0.77,High
17031.0,0.19,Low
17033.0,0.16,Low
17034.0,0.225,Low
17035.0,0.43,Medium
17040.0,0.64,Medium
17041.0,0.33,Medium
17042.0,0.02,Low
17043.0,0.105,Low
17045.0,0.735,High
17046.0,0.95,High
17047.0,0.185,Low
17048.0,0.77,High
17049.0,0.005,Low
17050.0,0.07,Low
17051.0,0.805,High
17053.0,0.585,Medium
17054.0,0.085,Low
17058.0,0.14,Low
17059.0,0.145,Low
17060.0,0.835,High
17061.0,0.3,Low
17062.0,0.615,Medium
17063.0,0.145,Low
17064.0,0.095,Low
17068.0,0.005,Low
17069.0,0.055,Low
17070.0,0.835,High
17071.0,0.05,Low
17073.0,0.12,Low
17075.0,0.33,Medium
17076.0,0.655,Medium
17080.0,0.865,High
17082.0,0.235,Low
17083.0,0.78,High
17085.0,0.085,Low
17088.0,0.21,Low
17090.0,0.065,Low
17091.0,0.06,Low
17092.0,0.1,Low
17094.0,0.825,High
17095.0,0.625,Medium
17096.0,0.145,Low
17101.0,0.135,Low
17102.0,0.9,High
17105.0,0.72,High
17107.0,0.205,Low
17109.0,0.225,Low
17110.0,0.65,Medium
17114.0,0.09,Low
17115.0,0.26,Low
17117.0,0.945,High
17118.0,0.555,Medium
17120.0,0.915,High
17122.0,0.75,High
17123.0,0.91,High
17124.0,0.885,High
17126.0,0.63,Medium
17128.0,0.74,High
17133.0,0.205,Low
17134.0,0.785,High
17135.0,0.73,High
17138.0,0.98,High
17139.0,0.015,Low
17140.0,0.675,Medium
17142.0,0.875,High
17146.0,0.785,High
17147.0,0.135,Low
17152.0,0.705,High
17155.0,0.2,Low
17157.0,0.235,Low
17158.0,0.56,Medium
17159.0,0.12,Low
17160.0,0.025,Low
17162.0,0.01,Low
17164.0,0.095,Low
17165.0,0.95,High
17166.0,0.215,Low
17169.0,0.195,Low
17171.0,0.84,High
17173.0,0.62,Medium
17174.0,0.735,High
17175.0,0.295,Low
17176.0,0.77,High
17179.0,0.66,Medium
17180.0,0.285,Low
17181.0,0.28,Low
17183.0,0.265,Low
17187.0,0.9,High
17188.0,0.025,Low
17189.0,0.79,High
17190.0,0.305,Medium
17191.0,0.265,Low
17193.0,0.235,Low
17194.0,0.345,Medium
17198.0,0.15,Low
17204.0,0.165,Low
17211.0,0.105,Low
17212.0,0.92,High
17213.0,0.135,Low
17214.0,0.17,Low
17217.0,0.88,High
17218.0,0.345,Medium
17220.0,0.015,Low
17223.0,0.8,High
17226.0,0.88,High
17227.0,0.56,Medium
17228.0,0.19,Low
17229.0,0.795,High
17230.0,0.54,Medium
17231.0,0.0,
17234.0,0.845,High
17235.0,0.285,Low
17236.0,0.25,Low
17238.0,0.015,Low
17239.0,0.85,High
17242.0,0.785,High
17243.0,0.005,Low
17245.0,0.47,Medium
17248.0,0.84,High
17250.0,0.195,Low
17251.0,0.835,High
17252.0,0.735,High
17255.0,0.295,Low
17256.0,0.435,Medium
17259.0,0.325,Medium
17262.0,0.19,Low
17263.0,0.51,Medium
17265.0,0.235,Low
17266.0,0.195,Low
17267.0,0.365,Medium
17268.0,0.35,Medium
17272.0,0.295,Low
17277.0,0.49,Medium
17278.0,0.78,High
17282.0,0.765,High
17284.0,0.075,Low
17287.0,0.06,Low
17288.0,0.115,Low
17289.0,0.765,High
17291.0,0.865,High
17293.0,0.15,Low
17298.0,0.36,Medium
17299.0,0.18,Low
17302.0,0.06,Low
17303.0,0.85,High
17306.0,0.035,Low
17311.0,0.23,Low
17312.0,0.91,High
17314.0,0.035,Low
17315.0,0.0,
17320.0,0.75,High
17323.0,0.045,Low
17324.0,0.165,Low
17325.0,0.97,High
17329.0,0.245,Low
17331.0,0.95,High
17334.0,0.925,High
17337.0,0.655,Medium
17338.0,0.01,Low
17339.0,0.33,Medium
17340.0,0.0,
17341.0,0.23,Low
17343.0,0.86,High
17345.0,0.53,Medium
17346.0,0.02,Low
17348.0,0.23,Low
17349.0,0.8,High
17351.0,0.36,Medium
17353.0,0.445,Medium
17356.0,0.59,Medium
17358.0,0.92,High
17360.0,0.54,Medium
17361.0,0.185,Low
17362.0,0.29,Low
17364.0,0.01,Low
17365.0,0.135,Low
17367.0,0.78,High
17368.0,0.06,Low
17370.0,0.315,Medium
17371.0,0.185,Low
17372.0,0.06,Low
17373.0,0.11,Low
17374.0,0.82,High
17375.0,0.705,High
17376.0,0.81,High
17377.0,0.005,Low
17381.0,0.015,Low
17384.0,0.7,Medium
17386.0,0.17,Low
17388.0,0.45,Medium
17389.0,0.035,Low
17391.0,0.635,Medium
17392.0,0.875,High
17394.0,0.955,High
17396.0,0.09,Low
17398.0,0.465,Medium
17400.0,0.73,High
17402.0,0.04,Low
17405.0,0.165,Low
17406.0,0.77,High
17408.0,0.795,High
17409.0,0.79,High
17410.0,0.205,Low
17411.0,0.435,Medium
17412.0,0.195,Low
17414.0,0.205,Low
17416.0,0.03,Low
17418.0,0.305,Medium
17419.0,0.005,Low
17420.0,0.445,Medium
17422.0,0.085,Low
17423.0,0.77,High
17426.0,0.13,Low
17428.0,0.0,
17429.0,0.695,Medium
17430.0,0.275,Low
17431.0,0.86,High
17436.0,0.78,High
17438.0,0.74,High
17440.0,0.82,High
17442.0,0.02,Low
17446.0,0.71,High
17449.0,0.08,Low
17450.0,0.04,Low
17451.0,0.135,Low
17454.0,0.715,High
17455.0,0.535,Medium
17456.0,0.76,High
17457.0,0.16,Low
17460.0,0.165,Low
17462.0,0.325,Medium
17463.0,0.115,Low
17464.0,0.865,High
17469.0,0.03,Low
17470.0,0.05,Low
17472.0,0.67,Medium
17483.0,0.15,Low
17486.0,0.86,High
17489.0,0.175,Low
17490.0,0.2,Low
17491.0,0.045,Low
17492.0,0.875,High
17496.0,0.845,High
17499.0,0.885,High
17501.0,0.775,High
17504.0,0.71,High
17505.0,0.28,Low
17507.0,0.81,High
17511.0,0.02,Low
17512.0,0.07,Low
17514.0,0.71,High
17515.0,0.11,Low
17516.0,0.015,Low
17517.0,0.72,High
17519.0,0.015,Low
17521.0,0.655,Medium
17522.0,0.07,Low
17524.0,0.79,High
17525.0,0.845,High
17526.0,0.18,Low
17527.0,0.13,Low
17530.0,0.105,Low
17531.0,0.405,Medium
17535.0,0.87,High
17536.0,0.905,High
17537.0,0.75,High
17540.0,0.24,Low
17542.0,0.555,Medium
17548.0,0.91,High
17550.0,0.855,High
17551.0,0.83,High
17552.0,0.215,Low
17553.0,0.8,High
17554.0,0.155,Low
17555.0,0.465,Medium
17556.0,0.82,High
17560.0,0.105,Low
17562.0,0.1,Low
17567.0,0.17,Low
17569.0,0.475,Medium
17571.0,0.29,Low
17572.0,0.235,Low
17574.0,0.635,Medium
17576.0,0.02,Low
17578.0,0.86,High
17579.0,0.1,Low
17580.0,0.765,High
17581.0,0.0,
17582.0,0.775,High
17584.0,0.85,High
17585.0,0.765,High
17588.0,0.835,High
17589.0,0.07,Low
17591.0,0.005,Low
17593.0,0.02,Low
17594.0,0.235,Low
17596.0,0.13,Low
17597.0,0.795,High
17601.0,0.82,High
17602.0,0.065,Low
17604.0,0.74,High
17609.0,0.235,Low
17611.0,0.005,Low
17612.0,0.09,Low
17613.0,0.04,Low
17615.0,0.735,High
17616.0,0.75,High
17618.0,0.14,Low
17619.0,0.935,High
17621.0,0.135,Low
17624.0,0.73,High
17625.0,0.09,Low
17629.0,0.01,Low
17630.0,0.885,High
17631.0,0.07,Low
17633.0,0.54,Medium
17634.0,0.0,
17637.0,0.24,Low
17639.0,0.755,High
17642.0,0.815,High
17643.0,0.705,High
17644.0,0.03,Low
17646.0,0.41,Medium
17648.0,0.185,Low
17649.0,0.765,High
17651.0,0.35,Medium
17652.0,0.03,Low
17653.0,0.225,Low
17654.0,0.535,Medium
17655.0,0.025,Low
17656.0,0.36,Medium
17658.0,0.61,Medium
17659.0,0.03,Low
17660.0,0.82,High
17663.0,0.08,Low
17664.0,0.185,Low
17667.0,0.055,Low
17669.0,0.035,Low
17670.0,0.88,High
17671.0,0.11,Low
17672.0,0.16,Low
17673.0,0.08,Low
17674.0,0.315,Medium
17675.0,0.0,
17676.0,0.165,Low
17677.0,0.055,Low
17678.0,0.78,High
17682.0,0.055,Low
17685.0,0.135,Low
17686.0,0.06,Low
17690.0,0.015,Low
17691.0,0.705,High
17692.0,0.735,High
17693.0,0.69,Medium
17694.0,0.795,High
17695.0,0.39,Medium
17696.0,0.01,Low
17697.0,0.79,High
17698.0,0.73,High
17700.0,0.47,Medium
17701.0,0.97,High
17702.0,0.165,Low
17703.0,0.085,Low
17704.0,0.465,Medium
17705.0,0.25,Low
17706.0,0.0,
17707.0,0.845,High
17708.0,0.46,Medium
17709.0,0.86,High
17711.0,0.185,Low
17714.0,0.915,High
17715.0,0.925,High
17716.0,0.02,Low
17718.0,0.645,Medium
17719.0,0.0,
17720.0,0.56,Medium
17722.0,0.045,Low
17723.0,0.72,High
17724.0,0.245,Low
17725.0,0.005,Low
17730.0,0.01,Low
17731.0,0.11,Low
17732.0,0.85,High
17733.0,0.185,Low
17734.0,0.095,Low
17735.0,0.0,
17736.0,0.345,Medium
17738.0,0.135,Low
17739.0,0.1,Low
17742.0,0.595,Medium
17744.0,0.135,Low
17746.0,0.89,High
17747.0,0.935,High
17749.0,0.83,High
17750.0,0.075,Low
17752.0,0.805,High
17754.0,0.115,Low
17757.0,0.015,Low
17758.0,0.11,Low
17759.0,0.255,Low
17760.0,0.49,Medium
17763.0,0.8,High
17764.0,0.415,Medium
17765.0,0.315,Medium
17768.0,0.23,Low
17769.0,0.19,Low
17770.0,0.23,Low
17771.0,0.22,Low
17774.0,0.035,Low
17775.0,0.505,Medium
17779.0,0.455,Medium
17781.0,0.605,Medium
17783.0,0.225,Low
17786.0,0.17,Low
17787.0,0.675,Medium
17788.0,0.135,Low
17789.0,0.85,High
17790.0,0.025,Low
17795.0,0.735,High
17796.0,0.2,Low
17797.0,0.605,Medium
17799.0,0.06,Low
17800.0,0.15,Low
17802.0,0.46,Medium
17809.0,0.06,Low
17811.0,0.0,
17812.0,0.175,Low
17816.0,0.16,Low
17817.0,0.655,Medium
17819.0,0.08,Low
17827.0,0.1,Low
17830.0,0.235,Low
17837.0,0.17,Low
17838.0,0.21,Low
17841.0,0.0,
17843.0,0.82,High
17848.0,0.245,Low
17849.0,0.795,High
17850.0,0.835,High
17854.0,0.58,Medium
17855.0,0.825,High
17856.0,0.62,Medium
17857.0,0.025,Low
17858.0,0.01,Low
17859.0,0.92,High
17860.0,0.385,Medium
17861.0,0.015,Low
17862.0,0.89,High
17863.0,0.085,Low
17864.0,0.155,Low
17865.0,0.005,Low
17866.0,0.875,High
17867.0,0.23,Low
17869.0,0.71,High
17870.0,0.055,Low
17871.0,0.805,High
17873.0,0.05,Low
17874.0,0.315,Medium
17877.0,0.875,High
17879.0,0.73,High
17880.0,0.88,High
17881.0,0.895,High
17883.0,0.64,Medium
17884.0,0.465,Medium
17886.0,0.185,Low
17887.0,0.47,Medium
17888.0,0.21,Low
17889.0,0.525,Medium
17890.0,0.78,High
17891.0,0.855,High
17892.0,0.21,Low
17893.0,0.875,High
17894.0,0.19,Low
17897.0,0.74,High
17898.0,0.18,Low
17899.0,0.895,High
17900.0,0.835,High
17905.0,0.135,Low
17906.0,0.905,High
17908.0,0.45,Medium
17912.0,0.88,High
17913.0,0.515,Medium
17917.0,0.205,Low
17920.0,0.005,Low
17921.0,0.025,Low
17923.0,0.83,High
17924.0,0.16,Low
17925.0,0.87,High
17926.0,0.73,High
17928.0,0.245,Low
17929.0,0.195,Low
17930.0,0.22,Low
17931.0,0.205,Low
17932.0,0.165,Low
17935.0,0.6,Medium
17937.0,0.055,Low
17939.0,0.535,Medium
17940.0,0.125,Low
17941.0,0.925,High
17946.0,0.49,Medium
17948.0,0.98,High
17949.0,0.025,Low
17950.0,0.155,Low
17951.0,0.31,Medium
17954.0,0.0,
17955.0,0.86,High
17956.0,0.725,High
17958.0,0.88,High
17960.0,0.805,High
17961.0,0.11,Low
17962.0,0.82,High
17964.0,0.145,Low
17965.0,0.0,
17966.0,0.09,Low
17967.0,0.79,High
17968.0,0.89,High
17969.0,0.815,High
17970.0,0.62,Medium
17972.0,0.855,High
17974.0,0.195,Low
17975.0,0.0,
17976.0,0.78,High
17978.0,0.6,Medium
17979.0,0.14,Low
17980.0,0.39,Medium
17984.0,0.85,High
17987.0,0.495,Medium
17988.0,0.145,Low
17990.0,0.81,High
17991.0,0.9,High
17994.0,0.2,Low
17995.0,0.61,Medium
17997.0,0.355,Medium
17999.0,0.465,Medium
18004.0,0.52,Medium
18008.0,0.34,Medium
18009.0,0.785,High
18010.0,0.9,High
18011.0,0.745,High
18013.0,0.845,High
18016.0,0.125,Low
18017.0,0.215,Low
18018.0,0.785,High
18024.0,0.82,High
18032.0,0.93,High
18036.0,0.125,Low
18037.0,0.755,High
18040.0,0.57,Medium
18041.0,0.015,Low
18043.0,0.415,Medium
18044.0,0.08,Low
18048.0,0.835,High
18050.0,0.9,High
18055.0,0.01,Low
18056.0,0.93,High
18061.0,0.05,Low
18062.0,0.685,Medium
18064.0,0.79,High
18065.0,0.2,Low
18068.0,0.875,High
18069.0,0.135,Low
18071.0,0.84,High
18072.0,0.555,Medium
18073.0,0.795,High
18074.0,0.82,High
18075.0,0.03,Low
18077.0,0.015,Low
18078.0,0.75,High
18079.0,0.415,Medium
18080.0,0.305,Medium
18081.0,0.185,Low
18085.0,0.77,High
18086.0,0.845,High
18087.0,0.195,Low
18092.0,0.01,Low
18093.0,0.475,Medium
18094.0,0.025,Low
18095.0,0.925,High
18097.0,0.11,Low
18099.0,0.69,Medium
18101.0,0.205,Low
18102.0,0.13,Low
18106.0,0.57,Medium
18108.0,0.85,High
18109.0,0.0,
18112.0,0.42,Medium
18113.0,0.96,High
18114.0,0.8,High
18116.0,0.315,Medium
18118.0,0.025,Low
18119.0,0.85,High
18120.0,0.865,High
18121.0,0.89,High
18122.0,0.425,Medium
18125.0,0.305,Medium
18127.0,0.14,Low
18129.0,0.93,High
18133.0,0.755,High
18135.0,0.225,Low
18136.0,0.215,Low
18138.0,0.89,High
18142.0,0.81,High
18143.0,0.63,Medium
18144.0,0.01,Low
18145.0,0.22,Low
18146.0,0.76,High
18147.0,0.13,Low
18149.0,0.22,Low
18150.0,0.315,Medium
18151.0,0.75,High
18155.0,0.155,Low
18156.0,0.235,Low
18159.0,0.755,High
18160.0,0.57,Medium
18161.0,0.2,Low
18165.0,0.705,High
18167.0,0.27,Low
18168.0,0.67,Medium
18170.0,0.08,Low
18171.0,0.5,Medium
18172.0,0.035,Low
18173.0,0.16,Low
18176.0,0.66,Medium
18177.0,0.07,Low
18178.0,0.65,Medium
18179.0,0.07,Low
18180.0,0.52,Medium
18183.0,0.84,High
18185.0,0.825,High
18188.0,0.195,Low
18189.0,0.705,High
18190.0,0.765,High
18191.0,0.86,High
18193.0,0.69,Medium
18196.0,0.285,Low
18198.0,0.21,Low
18200.0,0.865,High
18202.0,0.325,Medium
18203.0,0.745,High
18204.0,0.145,Low
18210.0,0.225,Low
18211.0,0.2,Low
18212.0,0.46,Medium
18213.0,0.34,Medium
18218.0,0.75,High
18219.0,0.035,Low
18220.0,0.88,High
18221.0,0.105,Low
18223.0,0.005,Low
18224.0,0.96,High
18225.0,0.01,Low
18226.0,0.0,
18227.0,0.92,High
18229.0,0.02,Low
18230.0,0.06,Low
18231.0,0.66,Medium
18232.0,0.19,Low
18233.0,0.93,High
18235.0,0.145,Low
18236.0,0.1,Low
18237.0,0.285,Low
18239.0,0.685,Medium
18241.0,0.05,Low
18242.0,0.73,High
18245.0,0.025,Low
18246.0,0.18,Low
18248.0,0.71,High
18250.0,0.93,High
18252.0,0.555,Medium
18257.0,0.045,Low
18259.0,0.855,High
18260.0,0.72,High
18262.0,0.725,High
18263.0,0.37,Medium
18265.0,0.475,Medium
18268.0,0.405,Medium
18269.0,0.795,High
18270.0,0.325,Medium
18272.0,0.06,Low
18273.0,0.945,High
18280.0,0.93,High
18281.0,0.585,Medium
18282.0,0.11,Low
18283.0,0.07,Low
18287.0,0.425,Medium
